id,video_url,video_title,title_length,contains_number,day_since_published,views_count,has_uppercase_words,label
1,https://youtu.be/XZnuIIcc8VY?si=xX9f-OX78Cx6-XfR,You’ll see this when you’re in between phases of life (then never again),72,FALSE,618,11459513,FALSE,TRUE
2,https://youtu.be/efaBiEKfomA?si=fGzojTDsJd_XatxU,"If You Found This Video Before November, Your Life Is About to Change",69,FALSE,7,93825,FALSE,FALSE
3,https://youtu.be/33mNNlz01-E?si=NehiyRduF0_TsBUm,The Art of Winning at Anything (Even If You’re Lost Right Now),62,FALSE,159,1175740,FALSE,TRUE
4,https://youtu.be/xwKiHSm3MuY?si=BynYjgl5dDds-uZT,This 12 Minute Video Will Change Your Life.,43,TRUE,82,104585,FALSE,TRUE
5,https://youtu.be/r4IQopBxzOo?si=eFGKRfNXCDDDIzWQ,The Art of Doing Anything Exceptionally Well ( even if you are not pro ),72,FALSE,532,1702651,FALSE,TRUE
6,https://youtu.be/J5v7XVGq51o?si=Q66KCi7NbwUxJvEp,Believe In Yourself To The Point People Think You’re Delusional,63,FALSE,79,347570,FALSE,TRUE
7,https://youtu.be/pagbqVa7YMQ?si=XSCQjkxXbtIturGM,A Reminder Before The Year Ends.,32,FALSE,3,147936,FALSE,TRUE
8,https://youtu.be/DYP9wF5TOao?si=PO5c79ID33mgAPrJ,How To Become Dangerously Self-Educated (Complete Plan),55,FALSE,125,13454,FALSE,FALSE
9,https://youtu.be/0csYsGT0qzM?si=umjhbvfQaeXJWgyk,How to Actually Lock In At School,33,FALSE,20,552366,FALSE,TRUE
10,https://youtu.be/IAmM61jjHxE?si=xxUJfkuiJn9CQI7o,how to reach peak performance in programming,44,FALSE,3,22232,FALSE,FALSE
11,https://youtu.be/UIhRHGMnoSs?si=dw1R_aXP7FQqkd6Y,"If You're Ambitious but Lazy, Watch This Samurai Lesson (Kaizen Method to Success)",82,FALSE,164,1607970,FALSE,TRUE
12,https://youtu.be/97P-JPVNqSw?si=IQvqhRxEgMeIoMaK,the financial advice that changed my life,41,FALSE,51,472032,FALSE,TRUE
13,https://www.youtube.com/watch?v=QkCa--fyGjA,You vs You.,11,FALSE,726,9459149,FALSE,TRUE
14,https://youtu.be/fyKwMeAQpnc?si=0hHjBzSEw-8KK00A,Why 30 Days Is Enough?,22,TRUE,7,454920,FALSE,TRUE
15,https://youtu.be/dK7YgDYlIok?si=9gdPqMUGJST-NzC9,Signs upgrading will make your life worse,41,FALSE,60,1552779,FALSE,TRUE
16,https://youtu.be/ChrMUljo9Ds?si=gB81HL2M3Q1EUYqI,The World Is Less Competitive Than You Think,44,FALSE,47,301084,FALSE,TRUE
17,https://youtu.be/kzcI5F4tGiU?si=0Rke5elDuZIqc4Kk,How I Use AI to Learn Things,28,FALSE,50,873581,TRUE,TRUE
18,https://youtu.be/7-e3yycPaYo?si=nfO-Xl8zW3Rii33g,How to dangerously master any skill in authentic way,52,FALSE,10,211,FALSE,FALSE
19,https://youtu.be/iKknJnHwQt8?si=bdriAEeWL8tLgdyS,"I FIXED My Whole Life In 1 Night, Learn How In 146 Seconds",58,TRUE,13,764298,TRUE,TRUE
20,https://youtu.be/KDpH8lHjc30?si=ZFqou3DtYMoniFbx,This Video Found You At The Right Time.,39,FALSE,47,633662,FALSE,TRUE
21,https://youtu.be/s7ASoHd_zE4?si=GWi8KjeJm3BAj69z,82 Little Things That Make Life Good,36,TRUE,57,1776939,FALSE,TRUE
22,https://youtu.be/lzDinhnVtBU?si=jUl6L3eg_NpGdn-M,you’re wasting 81% of your time (here’s how to fix it),54,TRUE,38,618889,FALSE,TRUE
23,https://youtu.be/35JTDzEtBHQ?si=OYP64kCyJO2BTtA0,this strange habit SKYROCKETS your charisma.,44,FALSE,41,498820,TRUE,TRUE
24,https://youtu.be/Hd1jxJQ_gks?si=OK3xrNkFsXSxp8LR,Destroying 6 of your biggest fears in 61 seconds,48,TRUE,55,80430,FALSE,FALSE
25,https://youtu.be/tnU-5FRhURc?si=fjO3rNtR371OJQAN,The Art of Learning Like a Genius (even if you're not one),58,FALSE,54,86401,FALSE,FALSE
26,https://youtu.be/0ZGhpPB38lo?si=vG8Nv1-QMy5-8hzh,5 easy habits that made me $1M at 21 ,37,TRUE,87,25088,FALSE,FALSE
27,https://youtu.be/LLP_p708Bc0?si=RNiCnHei2iVc9IZr,Why hard work isn't enough to get ahead in your career,54,FALSE,87,15378,FALSE,FALSE
28,https://youtu.be/vzcoAHVGT88?si=ma_st92G0ZofiYCC,The Art of Trying Anyway,24,FALSE,209,81235,FALSE,FALSE
29,https://youtu.be/7NVoqw-7KdQ?si=D9SggXEeselxsiw8,stop wasting your time as a developer,37,FALSE,107,6148,FALSE,FALSE
30,https://youtu.be/WOZGZK7K-Jo?si=p1wmY4o40n-bfuld,how to force yourself to be consistent and do hard things,57,FALSE,348,831967,FALSE,TRUE
31,https://youtu.be/kayQJ2BEYQo?si=AQ_Bdchbv6F_EYA8,The #1 Trait That Almost Guarantees Success,43,TRUE,131,19867,FALSE,FALSE
32,https://youtu.be/nCjUj0-zLC8?si=QxR-IUfEGcEgTx1d,how to actually become disciplined in 9 minutes,47,TRUE,825,1430754,FALSE,TRUE
33,https://youtu.be/0FWU_BPaHps?si=vQwv6gWoAQsAUB0t,How to Change Your Life in One Summer,37,FALSE,127,92472,FALSE,FALSE
34,https://youtu.be/4VRcyySR8ZU?si=26nw74Mx_6QvTtxa,don't waste the summer,22,FALSE,128,95144,FALSE,FALSE
35,https://youtu.be/yI7PlgTi4cg?si=n60cNbQpg8vjThMz,the habit loop explains almost everything,41,FALSE,126,4828,FALSE,FALSE
36,https://youtu.be/si6o_fFTIFI?si=IWnsB_nToYV4XXYh,"hey, are you about to give up?",30,FALSE,152,137033,FALSE,TRUE
37,https://youtu.be/depS3wLQlfA?si=cWgQACWT2-OYHGB7,I'm so sick of being a loser,28,FALSE,262,182,FALSE,FALSE
38,https://youtu.be/sbIAoCHliu4?si=9bBSmTczagBA_a0H,The Only 8 Minutes You Need to Succeed.,39,TRUE,151,263802,FALSE,TRUE
39,https://youtu.be/se4SHHTThk0?si=umwOmf1DlwEeHKcD,why I'm sacrificing my 20s to retire in my 30s (the full plan),62,TRUE,175,255644,FALSE,TRUE
40,https://youtu.be/gaCY4QxfSzA?si=K3M6bdm0YSh6LkMs,Coding is Hard Until You Learn This,35,FALSE,332,559587,FALSE,TRUE
41,https://youtu.be/8YZZhOVvEkg?si=zUE1Nhd6wNj7rBgg,"хватит стараться, у тебя ничего не получится.",45,FALSE,179,68528,FALSE,FALSE
42,https://youtu.be/ye3F71qjFx0?si=F05iWUzPJg871sde,It Took Me 456 Days to Get My First Software Engineer Job,57,TRUE,184,17684,FALSE,FALSE
43,https://youtu.be/m4U4iDuZaDk?si=3Ad4_N2BrWIs0GZ7,Psychology says you can land any job once you understand these 6 principles,75,TRUE,293,1114907,FALSE,TRUE
44,https://youtu.be/HDvOVA4lyi4?si=qwtM9yocS9mutX9m,how to lock in so hard your old self just dies (in 139 seconds),63,TRUE,183,34627,FALSE,FALSE
45,https://youtu.be/XpaX7GRSPDc?si=TREgnIGwhAUua8eN,how to overcome your fear of public speaking,44,FALSE,338,64806,FALSE,FALSE
46,https://youtu.be/L43dbNm1WVQ?si=WwEQimS_ClCJw9mY,"What Nobody Tells You About Getting ""Rich"" as a Dev",51,FALSE,2,657,FALSE,FALSE
47,https://youtu.be/vKIXcmUXryw?si=_Q1O2lAMjrrnjcSg,"If you're an ambitious engineering student, please watch this.",62,FALSE,265,330952,FALSE,TRUE
48,https://youtu.be/ZWqlkH9Eesw?si=lFKoYbgJ8kcJMpwp,How to Fall in Love With Your Life Again,40,FALSE,1,317,FALSE,FALSE
49,https://youtu.be/vjPg_LZAR7I?si=a5cbfjTpLkUIUfz5,This Could Be The Most Life-Changing Video You Watch Today,58,FALSE,80,2490569,FALSE,TRUE
50,https://youtu.be/Yki9720YBac?si=Ns_yUR2mNVaxm0-g,This Skill Will Make You Unstoppable,36,FALSE,22,117988,FALSE,TRUE
51,https://youtu.be/TM8ET0BIbZ8?si=NoggGME26WOB3leg,"If There’s Something You Want to Do in Life, Do This",52,FALSE,50,4261,FALSE,FALSE
52,https://youtu.be/UVfG94cHiFc?si=F93Am92oEKVrYO-H,"When Life Puts You In a Bad Situation, Ask Yourself This",56,FALSE,58,4475,FALSE,FALSE
53,https://youtu.be/5Jn-7829zs8?si=V1g22z5F2pudYRJh,It's Not Just About Being Successful,36,FALSE,60,3339,FALSE,FALSE
54,https://youtu.be/YMNli4uQ5pY?si=nduw0lWZragg3p6_,They Don't Want You To Learn Math Like This,43,FALSE,71,3661,FALSE,FALSE
55,https://youtu.be/JkM8vHZODr0?si=1OgllHnRMAOg8Am7,You Think You Have Time,23,FALSE,73,4646,FALSE,FALSE
56,https://youtu.be/4psMP3LsozM?si=d7KUxJA6xlhC1WVW,"If you could not fail, what would your dreams be?",49,FALSE,84,2451,FALSE,FALSE
57,https://youtu.be/qfqR_E0mkI0?si=_XLPFPNApdOTeZet,Как я устроился программистом в 18 лет и сбомжевался,52,TRUE,1,3093,FALSE,FALSE
58,https://youtu.be/8xgK831hr5Y?si=jmF_-yDClLhuH7iM,the ultimate guide to brainmaxxing.,35,FALSE,124,333595,FALSE,TRUE
59,https://youtu.be/2sIhJFwiaqc?si=XNRzXEXVF17Xdgpy,How We Raised $2.4M for Our Startup in One Week,47,TRUE,47,145467,FALSE,TRUE
60,https://youtu.be/2wTRQqoDM1A?si=KQ3BMNDZCvfyj-w9,Learn Machine Learning Like a GENIUS and Not Waste Time,55,FALSE,315,460868,TRUE,TRUE
61,https://youtu.be/uM_tytuDI_0?si=Hf654R5uBZ_d9MGg,"If You Can't Stop Thinking About Getting Rich, Watch this....",61,FALSE,66,262841,FALSE,TRUE
62,https://youtu.be/AZkjFXQnPdg?si=nN_W47qj1t8vYUDd,just exist bro,14,FALSE,667,4610093,FALSE,TRUE
63,https://youtu.be/riC0z8CukLs?si=7HkTPivveQ9SUwYc,The Secret to Winning in Life - Winners' Matrix,47,FALSE,413,31369,FALSE,FALSE
64,https://youtu.be/Sv_80cNwF5E?si=_l--A9Fl45QZ-ob8,How to study when you are tired and don't feel like studying,60,FALSE,1107,92155,FALSE,FALSE
65,https://youtu.be/I8LMY7-uIVY?si=McIlNcCiw6G2Uc_p,How to STOP wasting your LIFE,29,FALSE,1100,127947,TRUE,TRUE
66,https://youtu.be/au-Oixsfpmk?si=EobYCpSk2New5Afi,How to Get Ahead of 99% of Programmers (in 99 seconds),54,TRUE,1142,366895,FALSE,TRUE
67,https://youtu.be/TCVe_d2v5Lw?si=k3rzPpUZZQaxXH-E,7 things I wish I knew in my 20s,32,TRUE,1296,262710,FALSE,TRUE
68,https://youtu.be/NoVPA6Q3DnI?si=u6eE4S_r2-kOWXBv,Study MORE in LESS time: Use Chinese Technique of Wu Wei,56,FALSE,1401,834287,TRUE,TRUE
69,https://youtu.be/aXnasqKPXzA?si=Rk7kIVBCdIOR-LWR,Google Engineer reveals his darkest secrets,43,FALSE,1489,26504,FALSE,FALSE
70,https://youtu.be/E8n9bcOqP2A?si=yquVuAYLOBMGv-0z,The job market has completely changed in 2026,45,TRUE,238,95547,FALSE,FALSE
71,https://youtu.be/kA660NNyQbE?si=la7VUoxIftkPqdQr,I Quit Google. Here's What They Don't Tell You.,47,FALSE,70,81686,FALSE,FALSE
72,https://youtu.be/vqJBhCJYuTk?si=8Jj0DMPHncCmK97p,How I tricked my brain to get addicted to coding,48,FALSE,12,69905,FALSE,FALSE
73,https://youtu.be/eLjzJEM1LfI?si=zLLhlyT0y-ixu9D-,3 Thoughts That Wasted Years of My Life,39,TRUE,181,41506,FALSE,FALSE
74,https://youtu.be/rVVNp0yqjjI?si=orgirRk3jHmOR9Qy,The Secret Of Mentally Strong People,36,FALSE,195,54454,FALSE,FALSE
75,https://youtu.be/umyvnBlF-u0?si=QAcH5zGWRvtP2n1b,Every Developer Should Know How To Do This...,45,FALSE,178,33610,FALSE,FALSE
76,https://youtu.be/Efw_gzESs5I?si=XtKDcTWe_IT1ETzc,𝐈𝐓’𝐒 𝐍𝐎𝐓 𝐎𝐊𝐀𝐘.,24,FALSE,20,43359,FALSE,FALSE
77,https://youtu.be/bbkfFxQ1Jto?si=QoOVACb1CbVRq1WA,THE COMEBACK IS PERSONAL.,25,FALSE,541,2576133,TRUE,TRUE
78,https://youtu.be/zIqqf-j9Y-o?si=6h2HOt-FFmjRm0yN,This Video Will Find You When You Need It.,42,FALSE,68,669962,FALSE,TRUE
79,https://youtu.be/Lj9_PsZs3SA?si=DiMCCqGib7nvUfYd,Why You REALLY Procrastinate (And How To Stop),46,FALSE,926,13455,TRUE,FALSE
80,https://youtu.be/ZJzJClsTmkI?si=gafe12K7vccbC4Up,"Программисты, которым сейчас сложнее всего найти работу в IT",60,FALSE,450,33798,TRUE,FALSE
81,https://youtu.be/oUP96WnpOsI?si=ug3n83VBLNiwtbBU,You're Wasting 80% of Your Time As A Programmer (Here's How to Fix It),70,TRUE,237,39118,FALSE,FALSE
82,https://youtu.be/G0tZ-21Hi98?si=9SWuZIbW6vpit3NC,My Honest Advice to Computer Science Majors.,44,FALSE,229,21805,FALSE,FALSE
83,https://youtu.be/tnVI3AFWPJw?si=JylukXcflc05r-wQ,I DREAM BIG BUT DO NOTHING. the neuroscience behind why & how to fix,68,FALSE,188,3355449,TRUE,TRUE
84,https://youtu.be/9VPtcru4nKA?si=0QxfmlbHi7u4D57T,How to Ruin Your 20s in 100 Seconds,35,TRUE,186,10606,FALSE,FALSE
85,https://youtu.be/VDNIcbqWP_M?si=y8Dwh6-BlWi_WzxM,3 Years Ago I Couldn't Code – Now I'm a Meta Software Engineer,62,TRUE,185,48845,FALSE,FALSE
86,https://youtu.be/JS1p5J2ORDA?si=42zuVu8u-ogHJdtY,DO HARD THINGS. LEARN HARD THINGS. IT WILL NOT BREAK YOU.,57,FALSE,215,214967,TRUE,TRUE
87,https://youtu.be/tS_uNo5eDTA?si=5cv8Lh-W38ZN66_Z,Stop Using AI for Programming,29,FALSE,672,30951,TRUE,FALSE
88,https://youtu.be/dPmLAjMdjpA?si=30Y_tGRN2DJI_foB,Give me 5 minutes and I’ll fix your motivation,46,TRUE,331,26973,FALSE,FALSE
89,https://youtu.be/HTt_k-vdL4c?si=j1F5wj4MgHrA0A4Y,"If you are ambitious but inconsistent (in tech), please watch this",66,FALSE,263,686582,FALSE,TRUE
90,https://youtu.be/6M3jJgKNCTM?si=vlFl0-oeDRoLNinw,"If I Was 18 Again, I'd Ignore Everyone and Do This Instead",58,TRUE,195,25458,FALSE,FALSE
91,https://youtu.be/7tvQSfHZMa8?si=DJkuLfP5vMMc7U_e,Things I Wish I Knew Before Becoming a Software Engineer,56,FALSE,326,8196,FALSE,FALSE
92,https://youtu.be/PgVbcm05TkA?si=mAFBaPG9EBuheFJo,The Mindset that Changed My Life,32,FALSE,264,791590,FALSE,TRUE
93,https://youtu.be/Mh4v64Nz2t0?si=_83tOABbIBBIOBvU,The future of computer science,30,FALSE,190,328157,FALSE,TRUE
94,https://youtu.be/rQMC7nKfAXE?si=JTYETwZLUDMVgrfV,КАК Я РАБОТУ В IT ИСКАЛ В 2026 ГОДУ,35,TRUE,2,11344,TRUE,FALSE
95,https://youtu.be/YJGY7n5gFVk?si=AYFt-nT1t4LKlrUc,"getting employed is easy, actually",34,FALSE,506,328293,FALSE,TRUE
96,https://youtu.be/wUpBrALhlnc?si=s6Q3z7UMhvgwBQUM,The fastest way to ruin your entire life,40,FALSE,1026,7252301,FALSE,TRUE
97,https://youtu.be/b_xu0iM9Vek?si=e_ktMU7QuDiOszdF,How to Ruin your 20s in 95 seconds,34,TRUE,489,259109,FALSE,TRUE
98,https://youtu.be/8tYwV30mejY?si=4yuvCU0ywmvINAuI,How I Figured Out What To Do With My Life After University,58,FALSE,1945,2699,FALSE,FALSE
99,https://youtu.be/yjM5tz5SdHQ?si=B3tj4a3Y1bmuDmUp,"How to Destroy Your Life in your 20s (Full Guide, Step by Step)",63,TRUE,475,727677,FALSE,TRUE
100,https://youtu.be/ofdiMd3P5h4?si=ac19M4asZKFUfC3S,How to quickly ruin the rest of your life,41,FALSE,1448,3549631,FALSE,TRUE